{
  "users": {
    "918798308154@s.whatsapp.net": {
      "serialNumber": "0eae1af5145d445f4e7a69739aa2e971",
      "title": "Premium",
      "afkTime": -1,
      "badword": 0,
      "afkReason": "",
      "nick": "Oke",
      "premium": "true",
      "limit": 1000,
      "totalLimit": 0
    },
    "919366316018@s.whatsapp.net": {
      "serialNumber": "84a6d900b59ff9b86da982ae409f5973",
      "title": "Premium",
      "afkTime": -1,
      "badword": 0,
      "afkReason": "",
      "nick": "Oke",
      "premium": false,
      "limit": 1000,
      "totalLimit": 0
    },
    "916909137213@s.whatsapp.net": {
      "serialNumber": "dd4b94deaf5a6b8f70159e605070b604",
      "title": "Premium",
      "afkTime": -1,
      "badword": 0,
      "afkReason": "",
      "nick": "🦄드림 가이 Xeon",
      "premium": "true",
      "limit": 1000,
      "totalLimit": 0
    },
    "916909433995@s.whatsapp.net": {
      "serialNumber": "23c1c18ebacbffbce24003815fcdd580",
      "title": "Premium",
      "afkTime": -1,
      "badword": 0,
      "afkReason": "",
      "nick": "+91 69094 33995",
      "premium": "true",
      "limit": 1000,
      "totalLimit": 0
    },
    "918741060869@s.whatsapp.net": {
      "serialNumber": "23028d9edcca57cbeb442eb45eb9ab92",
      "title": "User",
      "afkTime": -1,
      "badword": 0,
      "afkReason": "",
      "nick": "Ok",
      "premium": false,
      "limit": 100,
      "totalLimit": 0
    }
  },
  "database": {},
  "chats": {
    "120363047626537933@g.us": {
      "badword": false,
      "antiforeignnum": false,
      "antibot": false,
      "antiviewonce": false,
      "antivirtex": false,
      "antimedia": false,
      "antiimage": false,
      "antivideo": false,
      "antiaudio": false,
      "antipoll": false,
      "antisticker": false,
      "antilocation": false,
      "antidocument": false,
      "anticontact": false,
      "antilink": false,
      "antilinkgc": false
    },
    "919366316018@s.whatsapp.net": {
      "badword": false,
      "antiforeignnum": false,
      "antibot": false,
      "antiviewonce": false,
      "antivirtex": false,
      "antimedia": false,
      "antiimage": false,
      "antivideo": false,
      "antiaudio": false,
      "antipoll": false,
      "antisticker": false,
      "antilocation": false,
      "antidocument": false,
      "anticontact": false,
      "antilink": false,
      "antilinkgc": false
    },
    "918798308154@s.whatsapp.net": {
      "badword": false,
      "antiforeignnum": false,
      "antibot": false,
      "antiviewonce": false,
      "antivirtex": false,
      "antimedia": false,
      "antiimage": false,
      "antivideo": false,
      "antiaudio": false,
      "antipoll": false,
      "antisticker": false,
      "antilocation": false,
      "antidocument": false,
      "anticontact": false,
      "antilink": false,
      "antilinkgc": false
    },
    "916909137213@s.whatsapp.net": {
      "badword": false,
      "antiforeignnum": false,
      "antibot": false,
      "antiviewonce": false,
      "antivirtex": false,
      "antimedia": false,
      "antiimage": false,
      "antivideo": false,
      "antiaudio": false,
      "antipoll": false,
      "antisticker": false,
      "antilocation": false,
      "antidocument": false,
      "anticontact": false,
      "antilink": false,
      "antilinkgc": false
    },
    "918787789781@s.whatsapp.net": {
      "badword": false,
      "antiforeignnum": false,
      "antibot": false,
      "antiviewonce": false,
      "antivirtex": false,
      "antimedia": false,
      "antiimage": false,
      "antivideo": false,
      "antiaudio": false,
      "antipoll": false,
      "antisticker": false,
      "antilocation": false,
      "antidocument": false,
      "anticontact": false,
      "antilink": false,
      "antilinkgc": false
    },
    "916909433995@s.whatsapp.net": {
      "badword": false,
      "antiforeignnum": false,
      "antibot": false,
      "antiviewonce": false,
      "antivirtex": false,
      "antimedia": false,
      "antiimage": false,
      "antivideo": false,
      "antiaudio": false,
      "antipoll": false,
      "antisticker": false,
      "antilocation": false,
      "antidocument": false,
      "anticontact": false,
      "antilink": false,
      "antilinkgc": false
    },
    "120363181044433982@g.us": {
      "badword": false,
      "antiforeignnum": false,
      "antibot": false,
      "antiviewonce": false,
      "antivirtex": false,
      "antimedia": false,
      "antiimage": false,
      "antivideo": false,
      "antiaudio": false,
      "antipoll": false,
      "antisticker": false,
      "antilocation": false,
      "antidocument": false,
      "anticontact": false,
      "antilink": false,
      "antilinkgc": false
    },
    "918741060869@s.whatsapp.net": {
      "badword": false,
      "antiforeignnum": false,
      "antibot": false,
      "antiviewonce": false,
      "antivirtex": false,
      "antimedia": false,
      "antiimage": false,
      "antivideo": false,
      "antiaudio": false,
      "antipoll": false,
      "antisticker": false,
      "antilocation": false,
      "antidocument": false,
      "anticontact": false,
      "antilink": false,
      "antilinkgc": false
    }
  },
  "game": {
    "math": []
  },
  "settings": {
    "918798308154@s.whatsapp.net": {
      "totalhit": 435,
      "totalError": 0,
      "online": false,
      "autosticker": false,
      "autobio": false,
      "autoread": false,
      "autoblocknum": false,
      "onlyindia": false,
      "onlyindo": false,
      "onlygrub": false,
      "onlypc": false,
      "autorecordtype": false,
      "autorecord": false,
      "autotype": false,
      "watermark": {
        "packname": "Sticker By",
        "author": "🦄드림 가이 Xeon\n\n+916909137213"
      },
      "about": {
        "bot": {
          "nick": "Oke",
          "alias": "Cheems Bot MD V10"
        },
        "owner": {
          "nick": "+91 69091 37213",
          "alias": "916909137213"
        }
      }
    },
    "916909433995@s.whatsapp.net": {
      "totalhit": 1,
      "totalError": 0,
      "online": false,
      "autosticker": false,
      "autobio": false,
      "autoread": false,
      "autoblocknum": false,
      "onlyindia": false,
      "onlyindo": false,
      "onlygrub": false,
      "onlypc": false,
      "autorecordtype": false,
      "autorecord": false,
      "autotype": false,
      "watermark": {
        "packname": "Sticker By",
        "author": "🦄드림 가이 Xeon\n\n+916909137213"
      },
      "about": {
        "bot": {
          "nick": "+91 69094 33995",
          "alias": "Cheems Bot MD V11"
        },
        "owner": {
          "nick": "Joseph Son",
          "alias": "916909137213"
        }
      }
    }
  },
  "message": {},
  "sticker": {},
  "others": {
    "vote": []
  }
}